Series Name,Series Code,Country Name,Country Code,1990 [YR1990],2000 [YR2000],2011 [YR2011],2012 [YR2012],2013 [YR2013],2014 [YR2014],2015 [YR2015],2016 [YR2016],2017 [YR2017],2018 [YR2018],2019 [YR2019],2020 [YR2020]
Exports of goods and services (constant 2010 US$),NE.EXP.GNFS.KD,Afghanistan,AFG,..,..,..,..,..,..,..,..,..,..,..,..
Exports of goods and services (constant 2010 US$),NE.EXP.GNFS.KD,Albania,ALB,..,1023026515.17703,3559801302.13871,3570259590.69318,3626986425.39161,3668800337.12827,3704360442.46161,4124462292.91482,4670679365.42145,4862305614.85981,5155368524.30373,3833486235.37211
Exports of goods and services (constant 2010 US$),NE.EXP.GNFS.KD,Algeria,DZA,45548737307.707,61904896564.2583,60107266350.4323,57834457788.5013,54537893694.5567,54646969481.7814,54920204329.229,58764618632.836,55179976895.7455,53138317751.131,49896880368.341,44344416400.4977
Exports of goods and services (constant 2010 US$),NE.EXP.GNFS.KD,American Samoa,ASM,..,..,321463601.532567,336804597.701149,335409961.685824,350750957.854406,376551724.137931,372367816.091954,290781609.195402,331226053.639847,315885057.471264,..
Exports of goods and services (constant 2010 US$),NE.EXP.GNFS.KD,Andorra,AND,..,..,..,..,..,..,..,..,..,..,..,..
Exports of goods and services (constant 2010 US$),NE.EXP.GNFS.KD,Angola,AGO,..,5939008186.97054,48930175170.3406,51474477980.8502,50870218693.552,51228666700.4102,43703522520.3665,35664030276.7223,34177932530.3681,34599757573.7436,34884083197.6201,32523428059.8774
Exports of goods and services (constant 2010 US$),NE.EXP.GNFS.KD,Antigua and Barbuda,ATG,..,..,..,..,..,..,..,..,..,..,..,..
Exports of goods and services (constant 2010 US$),NE.EXP.GNFS.KD,Argentina,ARG,25968216627.4092,49289338916.5561,83536585369.3008,80104642370.9844,77284766433.7049,71890933183.0461,69894253858.4585,73610778836.9358,75535988486.474,75908539178.2051,82733433591.974,68069917392.1852
Exports of goods and services (constant 2010 US$),NE.EXP.GNFS.KD,Armenia,ARM,..,820250616.006615,2101213182.50379,2293171138.26545,2491399113.53692,2651654585.9397,2781805951.69791,3374208239.17924,4026517944.91215,4226228968.45584,4902223610.2229,3362925396.61291
Exports of goods and services (constant 2010 US$),NE.EXP.GNFS.KD,Aruba,ABW,..,..,..,..,..,..,..,..,..,..,..,..
Exports of goods and services (constant 2010 US$),NE.EXP.GNFS.KD,Australia,AUS,78138467571.65,166859350045.669,229003192058.189,239543422356.779,252247648821.152,267263887604.918,285521680152.749,305050931460.093,321844844248.719,335104131289.13,348437426406.347,341963939928.2
Exports of goods and services (constant 2010 US$),NE.EXP.GNFS.KD,Austria,AUT,78206104925.9185,136595818928.134,213024035712.017,216086670811.216,217471036324.694,223750733262.512,230573213507.546,237462985005.59,249094973203.983,262916538540.484,270653215999.713,242551069158.598
Exports of goods and services (constant 2010 US$),NE.EXP.GNFS.KD,Azerbaijan,AZE,..,4252540017.00409,29765156470.7794,30419989821.8991,30876289612.0453,30537484966.2901,..,..,..,..,..,..
Exports of goods and services (constant 2010 US$),NE.EXP.GNFS.KD,"Bahamas, The",BHS,2577602543.24223,3310217352.03604,3750481227.42072,4020706866.33067,4042190350.5642,3923814778.55582,3930966103.20682,4013280112.39463,4081980045.49307,4507016616.11882,4665378618.25967,..
Exports of goods and services (constant 2010 US$),NE.EXP.GNFS.KD,Bahrain,BHR,..,13703297872.3404,23314042553.1915,28164308510.6383,27977367021.2766,26839335106.383,26612500000,25878882978.7234,26833750000,27800531914.8936,27877659574.4681,..
Exports of goods and services (constant 2010 US$),NE.EXP.GNFS.KD,Bangladesh,BGD,1332329421.11894,4026554703.97615,23892104213.3435,26886324518.8338,27545546098.5076,28427320147.2617,27622829782.4206,28229634197.1681,27568322832.938,29798142126.8649,33057419968.9708,27693303169.0564
Exports of goods and services (constant 2010 US$),NE.EXP.GNFS.KD,Barbados,BRB,..,..,..,..,..,..,..,..,..,..,..,..
Exports of goods and services (constant 2010 US$),NE.EXP.GNFS.KD,Belarus,BLR,27726554253.0131,17275306614.6939,38333516703.4004,42626865742.6301,36403342997.5231,38065541023.1223,38865543116.5606,39876031347.9514,42848976080.7305,44477320231.2791,44922093433.5919,43529508546.6087
Exports of goods and services (constant 2010 US$),NE.EXP.GNFS.KD,Belgium,BEL,162805184819.109,277805022993.854,382069544579.391,380209436843.529,381550265573.19,401378531226.133,416316534348.871,442135898071.129,466325131480.895,469070222132.368,473864307616.173,451957641865.711
Exports of goods and services (constant 2010 US$),NE.EXP.GNFS.KD,Belize,BLZ,230920862.966334,469346943.850018,836539183.086099,888073765.490179,921415211.193768,908183446.848177,901810615.707515,815830636.622498,865914069.755553,930932439.01809,865344418.962228,743863724.925813
Exports of goods and services (constant 2010 US$),NE.EXP.GNFS.KD,Benin,BEN,661898418.394893,1290689105.54717,1986364242.73656,2464992555.49578,3025340049.48259,3779941253.06052,3020327773.49443,3427506621.74963,3667432085.2721,3850803689.53571,4182533401.80751,3138363702.39029
Exports of goods and services (constant 2010 US$),NE.EXP.GNFS.KD,Bermuda,BMU,..,..,..,..,..,..,..,..,..,..,..,..
Exports of goods and services (constant 2010 US$),NE.EXP.GNFS.KD,Bhutan,BTN,119149277.003889,200204324.748044,694624658.56475,677946208.073262,704189732.656142,666937560.568854,645752247.445032,611665320.670067,651123640.839033,680944876.06639,778965131.002514,..
Exports of goods and services (constant 2010 US$),NE.EXP.GNFS.KD,Bolivia,BOL,2777682321.90875,4336600734.21383,8464915804.84977,9590375906.88017,9983091880.91545,11067800881.2625,10412730984.6043,9817711801.96861,9329329140.95674,9813522235.634,9634946688.95718,..
Exports of goods and services (constant 2010 US$),NE.EXP.GNFS.KD,Bosnia and Herzegovina,BIH,..,..,5337617026.86139,5343351426.17349,5763151755.04306,6003074636.63661,6591429585.40418,7208778316.23504,8051548820.68069,8627551358.21368,8664190141.01164,7224526991.79804
Exports of goods and services (constant 2010 US$),NE.EXP.GNFS.KD,Botswana,BWA,3730154601.92122,5834243243.67336,7116446513.64732,8386067250.50161,11556209849.0747,11988231663.9968,9795823071.59126,11077100441.3703,9281759420.31589,9950522736.84911,8347411035.4254,6560191310.43484
Exports of goods and services (constant 2010 US$),NE.EXP.GNFS.KD,Brazil,BRA,64373015911.3432,130686985675.307,251553504547.522,253335795020.464,257970105559.345,253923968622.101,271238662687.585,273580695372.897,287010515615.957,298643292016.867,291528934026.422,286409443037.938
Exports of goods and services (constant 2010 US$),NE.EXP.GNFS.KD,British Virgin Islands,VGB,..,..,..,..,..,..,..,..,..,..,..,..
Exports of goods and services (constant 2010 US$),NE.EXP.GNFS.KD,Brunei Darussalam,BRN,7906091252.4114,11209232818.1935,8962575959.87924,9071115460.90715,8556286206.03151,8629623706.72604,7697504072.89849,7551631823.79202,7347349848.91989,7556517128.06329,8680991692.26867,9334229577.88276
Exports of goods and services (constant 2010 US$),NE.EXP.GNFS.KD,Bulgaria,BGR,20011664542.9198,12319464078.1941,28589354000.336,29170107224.5256,31978289429.4962,32976830508.4602,35103227530.7689,38127802397.4509,40336723876.7951,41015778897.4945,42603053060.0054,37781199555.0877
Exports of goods and services (constant 2010 US$),NE.EXP.GNFS.KD,Burkina Faso,BFA,417110904.605745,603234818.487774,2561704070.87561,2566766517.82396,3066062523.99763,3267269968.97069,3317891596.56268,3404703453.876,3695638977.09795,4168678106.71698,3938276572.62522,..
Exports of goods and services (constant 2010 US$),NE.EXP.GNFS.KD,Burundi,BDI,..,51729275.0670974,194041038.845411,269458282.816682,215065788.018084,184920366.391546,162907891.50693,200745964.561602,314536270.906472,282622278.748754,279146024.713552,250605162.83999
Exports of goods and services (constant 2010 US$),NE.EXP.GNFS.KD,Cabo Verde,CPV,..,..,603111370.363315,684364453.385175,688405790.923059,679974568.656635,780293748.47997,815000901.268839,876338563.392481,984307420.653064,1063973967.74914,442313616.950906
Exports of goods and services (constant 2010 US$),NE.EXP.GNFS.KD,Cambodia,KHM,..,1687085390.38183,7228337087.47051,8271002321.51232,9430773735.81108,10494548402.2447,11251477970.447,12221065485.1509,12864098914.9206,14688379797.4875,16641044097.893,14764222705.4174
Exports of goods and services (constant 2010 US$),NE.EXP.GNFS.KD,Cameroon,CMR,3844201360.18126,5330281237.71848,6254691336.51913,6457861421.75765,6725876997.46995,7080170344.57589,7531059852.85347,7483385202.64974,7364267114.21289,7536373024.32265,7912770341.19982,7386281316.34632
Exports of goods and services (constant 2010 US$),NE.EXP.GNFS.KD,Canada,CAN,221652631201.907,500305452362.954,494510574754.104,508429510086.044,520940807910.127,553878675887.03,572815790354.627,580873385886.749,589267421638.663,610972601064.115,618809722761.751,557924433005.059
Exports of goods and services (constant 2010 US$),NE.EXP.GNFS.KD,Cayman Islands,CYM,..,..,..,..,..,..,..,..,..,..,..,..
Exports of goods and services (constant 2010 US$),NE.EXP.GNFS.KD,Central African Republic,CAF,..,..,362201722.688694,386650996.925169,290681182.568,330551589.171371,363572601.057451,333653139.016603,410177468.468703,470369522.822789,460249137.194175,..
Exports of goods and services (constant 2010 US$),NE.EXP.GNFS.KD,Chad,TCD,..,..,4222611298.12734,4334556009.50657,3740721817.52493,3950202304.68368,5103662221.01919,4904562490.41644,4968321756.09375,5196864645.60047,5508676337.54405,5569271871.12024
Exports of goods and services (constant 2010 US$),NE.EXP.GNFS.KD,Channel Islands,CHI,..,..,..,..,..,..,..,..,..,..,..,..
Exports of goods and services (constant 2010 US$),NE.EXP.GNFS.KD,Chile,CHL,22701795324.8665,54844281560.9566,86987865893.4195,87296085596.0969,90147803363.2365,90439654753.1543,88894587984.8077,89342100494.8289,87986250472.7183,92620063139.5843,90204781076.0412,89286268449.6757
Exports of goods and services (constant 2010 US$),NE.EXP.GNFS.KD,China,CHN,..,..,..,..,..,..,..,..,..,..,..,..
Exports of goods and services (constant 2010 US$),NE.EXP.GNFS.KD,Colombia,COL,17777465292.4798,31566357468.3212,52566650670.8014,54918102317.7717,57486561210.3992,57320451186.538,58270841128.0723,58149150497.7785,59643215308.4962,60026332578.0144,61869737411.0585,51123695718.3452
Exports of goods and services (constant 2010 US$),NE.EXP.GNFS.KD,Comoros,COM,46581724.2707265,56814067.6712852,91019972.0538337,89563652.5778404,99236527.1492981,106183083.991592,111066835.74935,120695571.08336,134929333.390652,160891686.546333,161696936.150426,..
Exports of goods and services (constant 2010 US$),NE.EXP.GNFS.KD,"Congo, Dem. Rep.",COD,4807661179.96792,3786405822.32212,11083967084.429,12349643744.3748,13649643546.5888,16568876722.603,17247853116.3328,17096830235.5359,18352462301.2575,20966693408.1376,21294539432.5838,21890788666.2851
Exports of goods and services (constant 2010 US$),NE.EXP.GNFS.KD,"Congo, Rep.",COG,5674686704.11548,8358690779.4565,9528835379.04369,8726130629.53413,8125870249.31382,8667961168.15379,8275008552.98293,8678238859.96914,9930600892.57816,11059085697.9259,11874663652.5821,10860257085.4824
Exports of goods and services (constant 2010 US$),NE.EXP.GNFS.KD,Costa Rica,CRI,3567464307.46303,8060126133.74878,13234465835.5114,13970867574.0502,14433517533.5362,15150045847.7346,15587626431.266,17055555594.7204,18241756607.5535,19099869326.2611,19670133125.9619,17564539477.304
Exports of goods and services (constant 2010 US$),NE.EXP.GNFS.KD,Cote d'Ivoire,CIV,..,..,13012732766.175,12801916525.6101,12135114846.178,12677007509.5649,13555139787.8461,12632628348.8676,13896518121.5536,13884815404.5953,16360562954.3867,..
Exports of goods and services (constant 2010 US$),NE.EXP.GNFS.KD,Croatia,HRV,..,15205182362.972,22133938945.7355,21811471768.4744,22352602870.6757,24005508311.0187,26488174955.9738,28351459439.0862,30293074661.4261,31423502173.3072,33560598331.0159,25186316012.3721
Exports of goods and services (constant 2010 US$),NE.EXP.GNFS.KD,Cuba,CUB,4462639472.62713,5583605575.45902,15311162188.3863,15378349679.0566,15646015972.5332,15201711598.7461,15186540229.8851,12189111210.6285,12189111210.6285,11901938871.4734,..,..
Exports of goods and services (constant 2010 US$),NE.EXP.GNFS.KD,Curacao,CUW,..,..,..,..,..,..,..,..,..,..,..,..
Exports of goods and services (constant 2010 US$),NE.EXP.GNFS.KD,Cyprus,CYP,6869821567.59727,11782705819.9655,13865199522.7363,13791022139.7322,13951039374.2543,14822123823.4124,16292864907.8616,17461259445.8438,19182106588.8904,20716823545.0086,20632109240.3553,18075699323.8764
Exports of goods and services (constant 2010 US$),NE.EXP.GNFS.KD,Czech Republic,CZE,24400516890.7847,54422009106.4302,149587552566.511,155989003468.085,156394107756.49,170022942356.409,180279294641.353,188108020893.214,201648412803.63,209123271533.05,211854399202.485,199278651900.001
Exports of goods and services (constant 2010 US$),NE.EXP.GNFS.KD,Denmark,DNK,72424358092.9584,123813856999.184,174386169957.948,176412895965.356,179255613594.373,184864258400.064,191477537908.497,199350093284.28,208946045933.15,215730072807.948,226593753737.386,209104628278.83
Exports of goods and services (constant 2010 US$),NE.EXP.GNFS.KD,Djibouti,DJI,..,..,..,..,..,..,..,..,..,..,..,..
Exports of goods and services (constant 2010 US$),NE.EXP.GNFS.KD,Dominica,DMA,..,..,..,..,..,..,..,..,..,..,..,..
Exports of goods and services (constant 2010 US$),NE.EXP.GNFS.KD,Dominican Republic,DOM,5483455316.03289,11256934192.924,13104465659.858,13831387453.3342,15082907304.5527,16400380117.7445,16903507668.0015,18170067638.2984,19052094856.1437,20205678910.5679,20516148864.7369,14295920613.4754
Exports of goods and services (constant 2010 US$),NE.EXP.GNFS.KD,Ecuador,ECU,7638503911.20747,13698090464.1812,20502122968.4665,21622887891.6995,22176078156.5134,23554305702.1691,23404192645.0279,23736784862.7004,23906987603.3252,24182889820.0564,25064507501.8206,24531422751.6043
Exports of goods and services (constant 2010 US$),NE.EXP.GNFS.KD,"Egypt, Arab Rep.",EGY,10394828166.8938,15750782778.3268,47334295830.6341,46246151103.3397,48334469652.7987,43046308164.6527,43029466886.0281,36562415894.1554,68021924365.0361,89485574028.0426,87502788839.7741,68542405476.9566
Exports of goods and services (constant 2010 US$),NE.EXP.GNFS.KD,El Salvador,SLV,1375647287.67696,3983805282.64078,5330300815.84257,5354379498.99126,5692000113.9702,5874081409.23088,6066614102.21923,6078948159.13354,6285134529.96142,6382936035.46526,6777529084.522,5338667212.5084
Exports of goods and services (constant 2010 US$),NE.EXP.GNFS.KD,Equatorial Guinea,GNQ,..,..,12493278782.8425,13071574875.0155,12080332680.3374,12140431732.6627,11358758913.3763,10339425470.0908,9950575512.77666,9387164170.52045,8229307551.66921,7485887370.90848
Exports of goods and services (constant 2010 US$),NE.EXP.GNFS.KD,Eritrea,ERI,..,78147444.2456528,337683409.026386,..,..,..,..,..,..,..,..,..
Exports of goods and services (constant 2010 US$),NE.EXP.GNFS.KD,Estonia,EST,..,448897729.554281,1163509611.23672,1219663780.06718,1253814614.41148,1286921214.91255,1267584362.21119,1328713974.84087,1383670619.06104,1439127441.85029,1528800874.36992,1445479963.57545
Exports of goods and services (constant 2010 US$),NE.EXP.GNFS.KD,Eswatini,SWZ,825471390.969974,1563530491.82886,1598623256.26188,1779904329.60429,1798222953.22596,2007734532.80918,1986520253.07905,2059065191.35576,2152987544.17919,2074904887.02026,2413327893.58703,..
Exports of goods and services (constant 2010 US$),NE.EXP.GNFS.KD,Ethiopia,ETH,..,..,..,..,..,..,..,..,..,..,..,..
Exports of goods and services (constant 2010 US$),NE.EXP.GNFS.KD,Faroe Islands,FRO,..,..,..,..,..,..,..,..,..,..,..,..
Exports of goods and services (constant 2010 US$),NE.EXP.GNFS.KD,Fiji,FJI,..,..,..,..,..,..,..,..,..,..,..,..
Exports of goods and services (constant 2010 US$),NE.EXP.GNFS.KD,Finland,FIN,29285686999.5293,72634880355.5772,97758930739.976,97987036639.7776,98548228995.5396,96624881522.2124,97003329946.8832,100780037856.099,109670983723.366,111259948684.484,118747265634.222,110924270116.026
Exports of goods and services (constant 2010 US$),NE.EXP.GNFS.KD,France,FRA,289392444110.095,586133349596.088,753695438587.507,775116484544.507,791709493756.839,817617561712.874,855603413028.164,870797754063.146,908990007466.801,949370647138.29,967431553094.923,812554919025.8
Exports of goods and services (constant 2010 US$),NE.EXP.GNFS.KD,French Polynesia,PYF,..,..,..,..,..,..,..,..,..,..,..,..
Exports of goods and services (constant 2010 US$),NE.EXP.GNFS.KD,Gabon,GAB,7565786489.89851,8329128641.55497,8699387565.74835,8382802146.93042,8354084388.78795,8387257117.31358,9113509465.94036,8813049893.84088,9154915634.17541,9607020519.45853,11571072621.7305,11938586109.0903
Exports of goods and services (constant 2010 US$),NE.EXP.GNFS.KD,"Gambia, The",GMB,..,..,265260421.749141,325128469.253848,329828578.262916,365754392.256315,351674119.619673,306502806.458371,335894964.653294,484376635.917814,478756607.279504,..
Exports of goods and services (constant 2010 US$),NE.EXP.GNFS.KD,Georgia,GEO,..,..,4704834683.25146,5351601880.09792,6274860164.67334,6287185386.51745,6548234529.63713,7118642018.73674,7950145874.02824,8749679709.44057,9605095203.45572,5937804117.37922
Exports of goods and services (constant 2010 US$),NE.EXP.GNFS.KD,Germany,DEU,483013076143.025,886690522241.224,1567915190802.81,1613474239288.89,1629681006657.92,1707833664370.47,1800752493544.66,1845231082418.01,1932747651575.13,1976866091471.63,1995773988849.19,1808855883570.27
Exports of goods and services (constant 2010 US$),NE.EXP.GNFS.KD,Ghana,GHA,..,..,14600689471.5113,16817951446.2426,16211677570.8136,15266194134.6748,15222958873.7385,17475993506.4814,20359180333.9246,22446252429.7219,23947785973.8748,..
Exports of goods and services (constant 2010 US$),NE.EXP.GNFS.KD,Gibraltar,GIB,..,..,..,..,..,..,..,..,..,..,..,..
Exports of goods and services (constant 2010 US$),NE.EXP.GNFS.KD,Greece,GRC,22198425506.3608,55784144136.6031,65181431840.4202,66460741881.8759,67648645296.6018,73227857477.3439,76902560222.2859,76583712616.3675,83102118420.2297,90674579749.0483,95067044856.5985,74462626654.4065
Exports of goods and services (constant 2010 US$),NE.EXP.GNFS.KD,Greenland,GRL,..,..,888728863.284792,854021087.818495,874237655.802706,977614196.049146,880674241.211927,1014242278.7646,959175690.332675,999235433.224872,..,..
Exports of goods and services (constant 2010 US$),NE.EXP.GNFS.KD,Grenada,GRD,..,..,..,..,..,..,..,..,..,..,..,..
Exports of goods and services (constant 2010 US$),NE.EXP.GNFS.KD,Guam,GUM,..,..,900763392.857143,947973214.285714,1005569196.42857,1001792410.71429,985741071.428571,1059388392.85714,1076383928.57143,1079216517.85714,1242562500,..
Exports of goods and services (constant 2010 US$),NE.EXP.GNFS.KD,Guatemala,GTM,5489951748.84966,8852343549.96996,10988459254.7517,11181158075.3658,11926128861.8948,12752292367.4949,13114166828.6601,13423535616.8166,13623560173.3396,13581130236.6549,13592009584.0741,12987272574.4238
Exports of goods and services (constant 2010 US$),NE.EXP.GNFS.KD,Guinea,GIN,..,..,2059780711.04593,2120634494.20804,1855634770.67129,1978219179.35193,1797832008.78192,2485801741.28835,4445452684.02299,4429927589.04366,3732954715.81575,10683601001.2391
Exports of goods and services (constant 2010 US$),NE.EXP.GNFS.KD,Guinea-Bissau,GNB,..,..,185205318.538602,135773686.667136,158580874.631221,162504536.248284,190454032.890861,210805406.744171,173275367.315354,208664379.595655,226806098.880222,193629537.746547
Exports of goods and services (constant 2010 US$),NE.EXP.GNFS.KD,Guyana,GUY,..,..,..,..,..,..,..,..,..,..,..,..
Exports of goods and services (constant 2010 US$),NE.EXP.GNFS.KD,Haiti,HTI,175410935.84254,289930012.54421,1865228231.42619,1847375769.11274,1936571581.83585,2056174382.11966,2063176881.6076,1928076775.77751,1912929356.19918,1897881110.8688,1868222529.02765,1774811404.59036
Exports of goods and services (constant 2010 US$),NE.EXP.GNFS.KD,Honduras,HND,4257052717.78776,4784958461.04427,7853998146.61586,8627523594.20937,8517000958.90156,8803041452.55205,9058317485.21622,9138640907.67254,9583715626.55686,9714811631.4786,9949763668.70597,7916433128.09878
Exports of goods and services (constant 2010 US$),NE.EXP.GNFS.KD,"Hong Kong SAR, China",HKG,98001291194.1786,225383848088.927,492023175832.471,507786690230.408,547486382613.934,552808577335.964,545224435879.252,548880586286.468,580896726957.837,602131831017.37,565155688894.371,531558489053.451
Exports of goods and services (constant 2010 US$),NE.EXP.GNFS.KD,Hungary,HUN,..,44853981794.0827,114073204223.019,112129648647.038,116730317893.508,127466919554.209,136855341945.712,142061569878.663,151260690338.96,158881000853.503,168114326418.019,156687031180.77
Exports of goods and services (constant 2010 US$),NE.EXP.GNFS.KD,Iceland,ISL,3213115018.46807,4146352871.29778,7357352357.19098,7622077940.76724,8140745872.16021,8457312158.95163,9214055098.55378,10223110632.2381,10742413647.2095,10923272016.6863,10415473224.7355,7237703943.42802
Exports of goods and services (constant 2010 US$),NE.EXP.GNFS.KD,India,IND,31730396009.7078,101677422893.817,433506916765.068,463009181423.696,499088659050.297,507960412804.794,479275444973.403,503163767865.79,526131723438.544,591091444928.342,571551730590.104,525353342422.916
Exports of goods and services (constant 2010 US$),NE.EXP.GNFS.KD,Indonesia,IDN,50386206300.8482,97239386578.3823,210580494701.809,213968205777.507,222884170003.921,225279371551.266,220502908824.896,216841439031.306,236134455420.579,251516601865.172,249347774322.716,230136219163.722
Exports of goods and services (constant 2010 US$),NE.EXP.GNFS.KD,"Iran, Islamic Rep.",IRN,78631565986.4022,96244505797.7392,118144505986.73,87738509882.6497,85048499963.0588,91134742200.3424,102203054995.577,144450828577.293,147056165018.662,128729727986.352,90302575747.5661,79327865907.2107
Exports of goods and services (constant 2010 US$),NE.EXP.GNFS.KD,Iraq,IRQ,5409112137.86028,75835144381.5105,59594351937.6623,69039363258.6488,68717025009.9208,72986945133.6469,97355030137.4806,99597819006.1748,99160631703.748,108497455031.955,111447939273.381,..
Exports of goods and services (constant 2010 US$),NE.EXP.GNFS.KD,Ireland,IRL,33392372182.4161,138625964462.669,236407945779.65,234347163333.901,241202615682.141,276495717338.808,385014082154.234,401017532090.913,438011255271.011,486725718771.381,538072567888.686,571498469751.994
Exports of goods and services (constant 2010 US$),NE.EXP.GNFS.KD,Isle of Man,IMN,..,..,..,..,..,..,..,..,..,..,..,..
Exports of goods and services (constant 2010 US$),NE.EXP.GNFS.KD,Israel,ISR,21763590690.8803,57124739480.4774,88020111084.8876,87801548386.5266,92199080082.1037,92899405984.121,90677967438.2477,91423291477.5836,94619934242.794,100680804758.406,104728726946.768,105426764837.166
Exports of goods and services (constant 2010 US$),NE.EXP.GNFS.KD,Italy,ITA,282696055325.278,485724637158.424,564635966075.91,576111116477.374,578266850279.651,593389817244.659,618751450582.869,630294274270.926,664559850480.414,678813505022.296,689840980280.669,594918881318.675
Exports of goods and services (constant 2010 US$),NE.EXP.GNFS.KD,Jamaica,JAM,..,..,4079901054.73811,3950656481.11702,4138547452.51592,4178401746.41722,4379206651.60005,4497747242.85307,4728649581.60452,5117766401.31307,5303552657.07779,4762590286.05586
Exports of goods and services (constant 2010 US$),NE.EXP.GNFS.KD,Japan,JPN,345594691614.64,545859712432.056,855001038581.446,854244459290.999,860747077544.033,940713660773.459,968383012532.132,984969468690.109,1052259560202.37,1088309572149.77,1072793285155.29,..
Exports of goods and services (constant 2010 US$),NE.EXP.GNFS.KD,Jordan,JOR,4993815221.66858,5118142853.00403,13044798775.5884,12925694965.5037,12348381416.7011,13038188380.3202,11801887280.7892,11446467259.4716,11639507108.7594,11740803099.8607,12499718075.8661,8030784667.57774
Exports of goods and services (constant 2010 US$),NE.EXP.GNFS.KD,Kazakhstan,KAZ,53117030735.3241,44635256287.6074,65764343835.5419,68921032340.0004,70781900213.5419,69012352707.216,66182846246.7822,63204618166.2467,68260987619.4249,74814042429.565,76459951363.7567,..
Exports of goods and services (constant 2010 US$),NE.EXP.GNFS.KD,Kenya,KEN,4208657504.65564,4862037579.50669,9023786086.72527,9635884955.81876,9427485509.63875,9977823492.90582,10596835014.2785,10363800883.3426,9723597095.92892,10100724066.2603,10078706626.3604,10068591292.8758
Exports of goods and services (constant 2010 US$),NE.EXP.GNFS.KD,Kiribati,KIR,..,..,20193413.9828061,23999792.3539297,22040084.2167966,23690668.2922748,31857080.0703217,38838900.7613553,29034592.835734,21611001.5640518,..,..
Exports of goods and services (constant 2010 US$),NE.EXP.GNFS.KD,"Korea, Dem. People's Rep.",PRK,..,..,..,..,..,..,..,..,..,..,..,..
Exports of goods and services (constant 2010 US$),NE.EXP.GNFS.KD,"Korea, Rep.",KOR,54256625386.7909,214757283890.372,621981319566.568,658015252280.77,683152997358.995,697468900711.678,699102352944.398,715687081627.169,733438589928.076,762599645357.338,775702474540.796,756625784714.953
Exports of goods and services (constant 2010 US$),NE.EXP.GNFS.KD,Kosovo,XKX,..,..,1201478930.46262,1002164438.6254,803758889.373075,745418577.547388,665896846.44378,681752945.76206,808924243.912763,900973068.333961,967690452.903937,704285066.433633
Exports of goods and services (constant 2010 US$),NE.EXP.GNFS.KD,Kuwait,KWT,..,..,87929169574.3196,94688415910.6769,90907536636.4271,92184228890.4397,91384159106.769,93633286810.8863,89166782972.7844,84890439637.1249,..,..
Exports of goods and services (constant 2010 US$),NE.EXP.GNFS.KD,Kyrgyz Republic,KGZ,..,1711495317.01777,2860267642.49646,2310493430.77127,2595569642.0918,2434092421.7273,2296969776.54397,2208852868.4218,2344076948.84943,2280427990.53711,2650901837.6913,2161678207.11585
Exports of goods and services (constant 2010 US$),NE.EXP.GNFS.KD,Lao PDR,LAO,..,1668131132.11632,3087655703.9941,3294868278.29053,3932820674.33365,4209455280.56783,4489468245.83472,4958976834.98623,..,..,..,..
Exports of goods and services (constant 2010 US$),NE.EXP.GNFS.KD,Latvia,LVA,..,8765846776.12258,20448692832.0222,22390899460.4331,22538526234.5101,23944031306.2194,24654200816.8939,25629759478.2325,27261277457.5449,28438120226.2898,29038776954.7327,28253325316.1594
Exports of goods and services (constant 2010 US$),NE.EXP.GNFS.KD,Lebanon,LBN,689344954.342236,5234091980.76285,13815125728.4245,11747282070.9784,12151164298.1095,11299162115.2902,12455147426.0033,12268122438.408,12752125168.5572,12156523705.738,11976443062.6351,5566403454.59761
Exports of goods and services (constant 2010 US$),NE.EXP.GNFS.KD,Lesotho,LSO,40362750.8461112,297504063.852541,1053147601.73485,1050103864.68685,963036851.062871,866389982.116277,1026637735.47068,1152788716.47169,1175832428.9123,1244746745.62664,1042733470.50218,..
Exports of goods and services (constant 2010 US$),NE.EXP.GNFS.KD,Liberia,LBR,..,227519600,386509200,391991600,398844600,371432600,319349800,338538200,359097200,361838400,367244457.58,329845909.624
Exports of goods and services (constant 2010 US$),NE.EXP.GNFS.KD,Libya,LBY,..,..,14456423207.6922,45985110992.1669,35031364198.4594,15890365228.6494,17326341833.1349,12647585770.3516,28911770995.964,35281582841.6111,41370893499.7888,15464498907.0728
Exports of goods and services (constant 2010 US$),NE.EXP.GNFS.KD,Liechtenstein,LIE,..,..,..,..,..,..,..,..,..,..,..,..
Exports of goods and services (constant 2010 US$),NE.EXP.GNFS.KD,Lithuania,LTU,..,2520424239.79667,7878152628.32118,8732737568.88257,9367586188.81697,9196845227.98478,9419472796.6872,9883586323.36541,11219959396.4198,11980888289.1637,13116454941.947,13115229352.0094
Exports of goods and services (constant 2010 US$),NE.EXP.GNFS.KD,Luxembourg,LUX,23835548524.9602,56614888147.1975,96719079459.9549,99380513987.2899,104611495125.998,121751122280.646,127474230688.846,130810012077.192,131757287643.383,132372486300.373,133479176891.156,136778020260.403
Exports of goods and services (constant 2010 US$),NE.EXP.GNFS.KD,"Macao SAR, China",MAC,5509032832.82087,7605801521.93733,31045394852.1469,34320263631.3613,38830015137.7598,37106615559.056,27246822603.6774,26722560616.6805,31214532641.6307,34281074303.143,33367060018.6398,11167934593.0325
Exports of goods and services (constant 2010 US$),NE.EXP.GNFS.KD,Madagascar,MDG,1112559871.63742,1721554319.30877,2324407454.6049,2209081865.93306,2442855345.11287,3404251743.5438,3382399573.32657,3349247942.5844,4869671562.26338,5091703826.64597,5305554905.04173,4686496351.18821
Exports of goods and services (constant 2010 US$),NE.EXP.GNFS.KD,Malawi,MWI,..,..,..,..,..,..,..,..,..,..,..,..
Exports of goods and services (constant 2010 US$),NE.EXP.GNFS.KD,Malaysia,MYS,47824358105.5708,153369660578.466,230951848747.517,226928999405.582,227517307742.127,238984818839.187,239588722231.547,242750044884.574,263828030833.939,268927801449.007,265511350021.286,242273449984.567
Exports of goods and services (constant 2010 US$),NE.EXP.GNFS.KD,Maldives,MDV,..,..,..,..,..,..,..,..,..,..,..,..
Exports of goods and services (constant 2010 US$),NE.EXP.GNFS.KD,Mali,MLI,712400532.307281,1682849481.35569,2591676985.74163,2818551491.88633,2841822598.19803,2904071758.56342,3206095221.4869,3140955535.37203,3499024466.36259,3495525441.93621,3575922527.12167,3586650294.39364
Exports of goods and services (constant 2010 US$),NE.EXP.GNFS.KD,Malta,MLT,..,8121231619.50398,14358559596.2916,15143422290.9055,15287177755.9503,15814652548.9505,18256167477.8494,18582820233.702,20151522428.947,20063570257.1473,21348824104.9855,19678066593.0913
Exports of goods and services (constant 2010 US$),NE.EXP.GNFS.KD,Marshall Islands,MHL,..,..,62542191.9352475,60031852.9137701,60212850.6255973,66789022.0588369,64880984.8225389,57521513.8922927,56222867.124405,61059869.5085343,..,..
Exports of goods and services (constant 2010 US$),NE.EXP.GNFS.KD,Mauritania,MRT,1700554137.68897,1478826412.50723,2575586783.01,2728825780.83472,2760988821.49171,2835918274.08887,2931464779.49206,2973187719.63096,3021582406.19874,2899505919.66043,3074926028.61306,3105675288.89919
Exports of goods and services (constant 2010 US$),NE.EXP.GNFS.KD,Mauritius,MUS,2274466819.89172,3769525399.22468,5394520878.22415,5587278949.95119,5255960985.64397,5587163060.10073,5690519211.64051,5493077019.34847,5439814211.20295,5588106384.62321,5360102743.71758,3558613425.55964
Exports of goods and services (constant 2010 US$),NE.EXP.GNFS.KD,Mexico,MEX,96728133380.7568,222610307405.181,338373572350.371,360450881188.065,365390940713.805,390903984629.298,423796196007.959,438978057557.378,457248417968.863,484700214781.04,491860263687.051,456026193273.357
Exports of goods and services (constant 2010 US$),NE.EXP.GNFS.KD,"Micronesia, Fed. Sts.",FSM,..,..,..,..,..,..,..,..,..,..,..,..
Exports of goods and services (constant 2010 US$),NE.EXP.GNFS.KD,Moldova,MDA,..,794365048.95184,2520110273.01464,2517286418.79492,2835726298.1737,2862256942.59174,2935839384.60543,3222130686.4576,3571947167.58426,3828722045.70994,4107805316.38815,3472320793.89889
Exports of goods and services (constant 2010 US$),NE.EXP.GNFS.KD,Monaco,MCO,..,..,..,..,..,..,..,..,..,..,..,..
Exports of goods and services (constant 2010 US$),NE.EXP.GNFS.KD,Mongolia,MNG,..,..,3967956121.75165,4297490789.30827,4849265347.94743,7427450742.5662,7436487824.23116,8462005482.12826,9716574764.849,12051030010.2235,13149521489.1086,13138535804.7173
Exports of goods and services (constant 2010 US$),NE.EXP.GNFS.KD,Montenegro,MNE,..,..,1759269524.94641,1753284034.22274,1729800493.17151,1717426758.40266,1816058867.8961,1923970470.14799,1958477503.15721,2093510359.44489,2207416871.08451,1127751895.08549
Exports of goods and services (constant 2010 US$),NE.EXP.GNFS.KD,Morocco,MAR,11383963802.4312,16857409720.8045,31732405078.639,32574314569.799,32567935228.9146,35502079151.7295,37449524924.2911,39687169824.893,44073512500.9255,46736817655.0789,49317468854.9976,42032080892.3254
Exports of goods and services (constant 2010 US$),NE.EXP.GNFS.KD,Mozambique,MOZ,132711560.05616,602628987.592786,3693717784.74781,4053341487.69534,4125084290.26232,5117859506.83586,4774024356.00758,4484155878.68677,4658600320.52056,6889234740.95113,6153022351.35389,..
Exports of goods and services (constant 2010 US$),NE.EXP.GNFS.KD,Myanmar,MMR,..,..,8708266097.00144,9270148851.8707,10467330812.1505,12423494725.2491,14295189459.2086,16223111720.9965,18161855565.1856,20220983320.1377,21312916419.4251,19821012270.0654
Exports of goods and services (constant 2010 US$),NE.EXP.GNFS.KD,Namibia,NAM,2114179801.4115,3493976980.42733,5337436088.14268,5391115263.64063,5542019197.41029,6122788501.13686,5389702844.65491,5356909045.32767,5461114727.07659,6330400900.73607,5738031130.36287,4722971139.9547
Exports of goods and services (constant 2010 US$),NE.EXP.GNFS.KD,Nauru,NRU,..,..,..,..,..,..,..,..,..,..,..,..
Exports of goods and services (constant 2010 US$),NE.EXP.GNFS.KD,Nepal,NPL,..,..,1501038186.49219,1804142249.11493,2037738666.83885,2401186049.74452,2456797023.09626,2031625740.21641,2211532369.73152,2381690888.85898,2513720094.62483,2114487581.84217
Exports of goods and services (constant 2010 US$),NE.EXP.GNFS.KD,Netherlands,NLD,213592660336.567,432028419597.751,622019631586.136,642289950772.488,658208319168.408,688133174222.271,739012369582.829,751341054969.915,800176216487.398,834827167807.922,857413542299.269,820587402727.656
Exports of goods and services (constant 2010 US$),NE.EXP.GNFS.KD,New Caledonia,NCL,..,..,..,..,..,..,..,..,..,..,..,..
Exports of goods and services (constant 2010 US$),NE.EXP.GNFS.KD,New Zealand,NZL,19481264978.4225,34369328831.717,46100008066.3165,47502068932.9435,47566441294.1744,49778650898.5554,52885793493.0049,53708503108.5538,55616122392.5485,57191674296.5805,57049584338.4621,..
Exports of goods and services (constant 2010 US$),NE.EXP.GNFS.KD,Nicaragua,NIC,676138226.730397,1602209421.25818,3836963763.78183,4312615855.77872,4477230074.03561,4765927446.72646,4718963978.5767,4935867419.10343,5435865815.64924,5348025455.48695,5646613514.4008,5152148368.88884
Exports of goods and services (constant 2010 US$),NE.EXP.GNFS.KD,Niger,NER,528514972.872379,682149428.295625,1259167451.07204,1497591487.33646,1631400327.03419,1623201729.75207,1477158910.45219,1370591487.8256,1529223992.40512,1445407162.55304,1479972152.41041,..
Exports of goods and services (constant 2010 US$),NE.EXP.GNFS.KD,Nigeria,NGA,39235779134.8679,47005317475.6138,116675233094.446,112487791743.828,88036863374.2672,109240568868.498,109337211057.162,121945489320.23,132603166997.817,130732620486.282,150310683824.941,109781867765.045
Exports of goods and services (constant 2010 US$),NE.EXP.GNFS.KD,North Macedonia,MKD,1764533488.88809,2553877293.82757,4349502425.26363,4434401895.00868,4704636934.13372,5479933614.23807,5944389990.27113,6484213830.8828,7025437853.04435,8120272724.36946,8496355497.75176,7574438861.83011
Exports of goods and services (constant 2010 US$),NE.EXP.GNFS.KD,Northern Mariana Islands,MNP,..,..,297369863.013699,347849315.068493,362534246.575342,377219178.082192,415767123.287671,737917808.219178,888438356.164384,529575342.465753,396493150.684932,..
Exports of goods and services (constant 2010 US$),NE.EXP.GNFS.KD,Norway,NOR,100691055508.947,166459069372.481,169084737287.036,171992640091.644,168939512634.657,174693477650.173,182279102155.34,184221733737.952,187352510662.219,185059759026.542,186034329585.938,184415624922.718
Exports of goods and services (constant 2010 US$),NE.EXP.GNFS.KD,Oman,OMN,..,29655515395.2541,34491869661.8125,36099913187.4611,38595695144.6023,39199810126.8153,39778124965.3693,40191500426.0458,39684887253.7363,41500124873.795,42153259841.1794,..
Exports of goods and services (constant 2010 US$),NE.EXP.GNFS.KD,Pakistan,PAK,7410198023.32785,11545068558.8326,24514232563.5995,20836891167.043,23666714861.1287,23316405767.66,21837322928.5699,21487204168.757,21349173796.1724,24056118487.4953,27542764594.3227,27979199667.0332
Exports of goods and services (constant 2010 US$),NE.EXP.GNFS.KD,Palau,PLW,..,..,106571931.617895,115442965.475076,111203979.818541,121974970.1804,137508637.061117,132119819.395597,119773466.65654,113361744.304752,..,..
Exports of goods and services (constant 2010 US$),NE.EXP.GNFS.KD,Panama,PAN,7260551698.94568,10584624117.2019,24888474452.1751,27216933251.6041,26211221150.8966,24360338804.9483,24588183483.2588,23521734688.7654,24893070085.9028,24893070085.9028,24893070085.9028,..
Exports of goods and services (constant 2010 US$),NE.EXP.GNFS.KD,Papua New Guinea,PNG,..,..,..,..,..,..,..,..,..,..,..,..
Exports of goods and services (constant 2010 US$),NE.EXP.GNFS.KD,Paraguay,PRY,4411699515.94686,6887361512.48964,11516916929.6109,10862382789.8361,12340206494.8071,11809475827.2385,12187891749.4759,13305082316.2179,14433144584.8586,14375914995.8337,13885810049.1164,13274834406.9483
Exports of goods and services (constant 2010 US$),NE.EXP.GNFS.KD,Peru,PER,10173281529.6036,22045643421.847,43304970018.1141,44650075305.204,44397939048.1813,42709459008.6594,44529685921.2202,49762081128.8955,54144557572.2823,55967055982.6541,55666082522.6945,45082417055.2341
Exports of goods and services (constant 2010 US$),NE.EXP.GNFS.KD,Philippines,PHL,19436040011.3691,41069231734.334,67965966633.7082,71029479918.4092,72431323862.1089,81222382785.2573,89317820169.0095,97540826432.8381,114514667579.092,128046107584.552,131421425092.032,110062465959.081
Exports of goods and services (constant 2010 US$),NE.EXP.GNFS.KD,Poland,POL,..,93403342950.9502,206034490763.771,214807415514.211,226717805856.797,241927005604.749,261360859615.959,285578881040.029,313072695917.487,334828740092.196,352057141909.594,350137266606.971
Exports of goods and services (constant 2010 US$),NE.EXP.GNFS.KD,Portugal,PRT,32340847726.8555,53100585534.681,76527032206.5156,78884495796.685,84565999370.0718,88205322527.3284,93728329294.314,97881103824.7707,106108622463.84,110494536731.958,114855283665.749,93439321644.2813
Exports of goods and services (constant 2010 US$),NE.EXP.GNFS.KD,Puerto Rico,PRI,..,..,..,..,..,..,..,..,..,..,..,..
Exports of goods and services (constant 2010 US$),NE.EXP.GNFS.KD,Qatar,QAT,..,..,..,..,..,..,..,..,..,..,..,..
Exports of goods and services (constant 2010 US$),NE.EXP.GNFS.KD,Romania,ROU,11830948038.8946,17757914403.8073,60379924325.6099,61047231007.8384,73609601395.2804,79892865354.8538,83554508607.893,97206974670.9459,104755316135.032,110328373167.641,115393480337.658,104186693721.844
Exports of goods and services (constant 2010 US$),NE.EXP.GNFS.KD,Russian Federation,RUS,301677564953.564,247103822780.096,446850279509.006,452929327516.203,473590730561.476,476008089417.157,493493115126.848,509131195868.784,534657217353.414,564353240365.493,568394438756.959,544135748128.162
Exports of goods and services (constant 2010 US$),NE.EXP.GNFS.KD,Rwanda,RWA,238919550.111889,186603286.758093,813852774.039737,887194676.811665,1054725473.0541,1131094247.06101,1201843975.72812,1357261129.84746,1945056618.96077,2145626859.96916,2572276551.76331,2336165818.19471
Exports of goods and services (constant 2010 US$),NE.EXP.GNFS.KD,Samoa,WSM,..,..,..,..,..,..,..,..,..,..,..,..
Exports of goods and services (constant 2010 US$),NE.EXP.GNFS.KD,San Marino,SMR,..,..,..,..,..,..,..,..,..,..,..,..
Exports of goods and services (constant 2010 US$),NE.EXP.GNFS.KD,Sao Tome and Principe,STP,..,..,..,..,..,..,..,..,..,..,..,..
Exports of goods and services (constant 2010 US$),NE.EXP.GNFS.KD,Saudi Arabia,SAU,..,229176369040,288449651483.909,298221018035.003,298753364157.107,293211719155.288,295227210931.688,318838933126.296,309027217112.499,331152761598.883,314605504148.12,280685247446.739
Exports of goods and services (constant 2010 US$),NE.EXP.GNFS.KD,Senegal,SEN,1899561897.35349,2626157148.80633,3289812059.14872,3528827226.42914,3430694747.02367,3589744680.37849,3925825480.84005,4088656439.12953,4423220805.05188,4785443455.31839,5322157555.25561,5077865655.34169
Exports of goods and services (constant 2010 US$),NE.EXP.GNFS.KD,Serbia,SRB,..,3431490525.02028,14248407579.0229,14655464098.4013,17300479701.2145,18046386145.4014,19720340908.5601,22088164037.013,23906211098.5214,25699607319.1351,27670513265.7952,26030525232.968
Exports of goods and services (constant 2010 US$),NE.EXP.GNFS.KD,Seychelles,SYC,..,..,..,..,..,..,..,..,..,..,..,..
Exports of goods and services (constant 2010 US$),NE.EXP.GNFS.KD,Sierra Leone,SLE,159610906.570651,127276784.302064,427158406.832784,1098986341.39353,1508984620.00157,2421355458.88933,1087446263.76734,1323620504.58122,1631693415.69642,1084878075.07673,1749463762.38438,1368641727.31161
Exports of goods and services (constant 2010 US$),NE.EXP.GNFS.KD,Singapore,SGP,77672842248.8161,215993033020.166,511336068475.678,518480224099.435,550314095329.041,570235255841.819,598562820247.254,597932369671.112,640368286392.636,689767845111.414,690802351430.108,660957775231.102
Exports of goods and services (constant 2010 US$),NE.EXP.GNFS.KD,Sint Maarten (Dutch part),SXM,..,..,..,..,..,..,..,..,..,..,..,..
Exports of goods and services (constant 2010 US$),NE.EXP.GNFS.KD,Slovak Republic,SVK,..,25199651483.7154,77214925746.5792,84275468037.2185,89340683077.374,92642209258.4198,98797580672.3214,103767705004.306,107508348289.293,113081032348.392,113970919684.168,105406745643.141
Exports of goods and services (constant 2010 US$),NE.EXP.GNFS.KD,Slovenia,SVN,16710353457.8805,16598182628.9984,33114064130.3992,33278290314.4934,34297308323.6028,36358794153.6723,38082660882.4709,40429834968.6259,44923276048.8965,47736157020.4445,49684757994.7444,45376684392.8844
Exports of goods and services (constant 2010 US$),NE.EXP.GNFS.KD,Solomon Islands,SLB,83273482.5469651,140333188.666377,404892305.784612,479217310.434621,499535619.071238,520801413.602827,573755347.510695,551647343.294687,629972843.945688,709351106.702214,613865583.731168,444055056.110112
Exports of goods and services (constant 2010 US$),NE.EXP.GNFS.KD,Somalia,SOM,..,..,..,..,..,..,..,..,..,..,..,..
Exports of goods and services (constant 2010 US$),NE.EXP.GNFS.KD,South Africa,ZAF,53035704529.3121,88362426924.5479,111162287343.605,112044784379.61,116510075684.314,120677078539.037,124207097197.181,124644320603.18,123736272742.173,126999945364.148,123810925326.449,111083619027.8
Exports of goods and services (constant 2010 US$),NE.EXP.GNFS.KD,South Sudan,SSD,..,..,8785121571.94615,712928713.953745,1422648446.44933,2173806826.17458,1036673547.22091,..,..,..,..,..
Exports of goods and services (constant 2010 US$),NE.EXP.GNFS.KD,Spain,ESP,112621519250.036,292911610976.95,399226561532.683,402960241343.867,420603460519.425,439641430593.941,458617383613.966,483250810788.564,509883971556.949,521401424533.82,533307433341.888,425601528849.718
Exports of goods and services (constant 2010 US$),NE.EXP.GNFS.KD,Sri Lanka,LKA,4032072914.73187,8694418891.03359,12222502571.6189,12200320171.5835,13009977783.046,13564537791.006,14196736199.5321,14091369797.8163,15160783317.0805,15232668769.4589,16324182909.7977,14760199824.5118
Exports of goods and services (constant 2010 US$),NE.EXP.GNFS.KD,St. Kitts and Nevis,KNA,..,..,..,..,..,..,..,..,..,..,..,..
Exports of goods and services (constant 2010 US$),NE.EXP.GNFS.KD,St. Lucia,LCA,..,..,..,..,..,..,..,..,..,..,..,..
Exports of goods and services (constant 2010 US$),NE.EXP.GNFS.KD,St. Martin (French part),MAF,..,..,..,..,..,..,..,..,..,..,..,..
Exports of goods and services (constant 2010 US$),NE.EXP.GNFS.KD,St. Vincent and the Grenadines,VCT,..,..,..,..,..,..,..,..,..,..,..,..
Exports of goods and services (constant 2010 US$),NE.EXP.GNFS.KD,Sudan,SDN,874819713.794363,3467112351.49789,471111980.642759,99866174.1707697,204929725.860644,189959365.460524,168866940.743422,163733334.727619,181744001.547657,192889105.228188,198683059.927112,194821942.587293
Exports of goods and services (constant 2010 US$),NE.EXP.GNFS.KD,Suriname,SUR,..,..,..,..,..,..,..,..,..,..,..,..
Exports of goods and services (constant 2010 US$),NE.EXP.GNFS.KD,Sweden,SWE,75381268193.0856,160126911999.749,236409282768.955,239058947457.491,236422722894.185,246744879071.987,261056232419.563,267321010792.311,278365713702.52,290187843856.491,304200014416.399,288325966508.248
Exports of goods and services (constant 2010 US$),NE.EXP.GNFS.KD,Switzerland,CHE,180871572497.492,269187228962.986,404022061233.878,407974685049.531,464287376984.395,435433297440.163,453428013008.081,482951385066.027,481340563993.704,497832683364.176,496868580041.082,464991745769.697
Exports of goods and services (constant 2010 US$),NE.EXP.GNFS.KD,Syrian Arab Republic,SYR,..,..,..,..,..,..,..,..,..,..,..,..
Exports of goods and services (constant 2010 US$),NE.EXP.GNFS.KD,Tajikistan,TJK,..,381897004.044177,852158420.978816,860679799.703377,774612016.841171,..,..,..,..,..,..,..
Exports of goods and services (constant 2010 US$),NE.EXP.GNFS.KD,Tanzania,TZA,921148735.262082,2620859926.74967,6876310405.24244,7926574117.26422,7660991630.27546,8313125046.61301,8425218198.08191,8424876645.15968,8081776443.49078,7940912055.57076,9448893981.06099,8636034997.6607
Exports of goods and services (constant 2010 US$),NE.EXP.GNFS.KD,Thailand,THA,44027243008.371,123518999979.397,248353713209.017,257447629003.375,263920731901.874,264832492856.418,268143302165.924,275372587019.346,289639214919.306,299345169454.189,290503849974.614,234120719971.478
Exports of goods and services (constant 2010 US$),NE.EXP.GNFS.KD,Timor-Leste,TLS,..,36224025.123883,56706610.6471218,80040843.2041707,60747632.8562294,47069261.5818881,33759394.7869617,36619671.576286,22319192.3620978,26034580.4901511,350801092.736004,..
Exports of goods and services (constant 2010 US$),NE.EXP.GNFS.KD,Togo,TGO,959928442.409445,947466334.601241,1574273821.91243,1726513864.76702,1856488986.61624,1708351005.65184,1676751264.31945,1788924489.376,1776084383.91161,1811137518.41492,1848790295.30517,1762577627.1654
Exports of goods and services (constant 2010 US$),NE.EXP.GNFS.KD,Tonga,TON,..,..,..,..,..,..,..,..,..,..,..,..
Exports of goods and services (constant 2010 US$),NE.EXP.GNFS.KD,Trinidad and Tobago,TTO,..,..,..,..,..,..,..,..,..,..,..,..
Exports of goods and services (constant 2010 US$),NE.EXP.GNFS.KD,Tunisia,TUN,8539126188.91533,13950482114.9619,20857552046.947,21754449708.8677,22177635488.3448,21844964043.6926,20692589604.7352,20733925644.0514,21696401176.2579,22642389851.7573,21633386272.0425,..
Exports of goods and services (constant 2010 US$),NE.EXP.GNFS.KD,Turkey,TUR,35827016932.3184,96282431775.7108,185954832751.535,212914107191.439,223416422438.675,239229678471.502,246977845566.615,242675766160.248,272790109241.103,297294925713.315,311726324995.096,263663684608.324
Exports of goods and services (constant 2010 US$),NE.EXP.GNFS.KD,Turkmenistan,TKM,..,..,..,..,..,..,..,..,..,..,..,..
Exports of goods and services (constant 2010 US$),NE.EXP.GNFS.KD,Turks and Caicos Islands,TCA,..,..,..,..,..,..,..,..,..,..,..,..
Exports of goods and services (constant 2010 US$),NE.EXP.GNFS.KD,Tuvalu,TUV,..,..,..,..,..,..,..,..,..,..,..,..
Exports of goods and services (constant 2010 US$),NE.EXP.GNFS.KD,Uganda,UGA,367569690.93608,899836000.24352,3889877848.34333,4433959019.01383,4741983655.38027,4742092050.49264,4629710385.64265,4765511840.44503,6397637685.21875,6991379992.89493,7290832114.59721,7533927282.39577
Exports of goods and services (constant 2010 US$),NE.EXP.GNFS.KD,Ukraine,UKR,104206235191.446,60203402101.2473,65706909937.8329,61997446601.9993,56999683442.2748,48881844093.1593,42446447465.2278,41722344270.444,43291181306.4059,42733531883.9838,45865993914.8805,43299840123.1816
Exports of goods and services (constant 2010 US$),NE.EXP.GNFS.KD,United Arab Emirates,ARE,..,..,276618443621.511,324899395452.689,344697128196.052,350908898897.209,369123708944.86,381692661320.626,372072246725.664,414864259469.027,402703962913.547,..
Exports of goods and services (constant 2010 US$),NE.EXP.GNFS.KD,United Kingdom,GBR,302007511021.629,546387694529.948,751692454367.881,756513452108.872,762983877739.792,764781806881.441,786191226798.85,807739865982.542,851421871877.916,877221368968.504,900537442989.852,758193375804.977
Exports of goods and services (constant 2010 US$),NE.EXP.GNFS.KD,United States,USA,646722100628.384,1287738790925.08,1978083198686.64,2045509165280.62,2118638676131.6,2207928537610.17,2217235301820.32,2223782708143.94,2310850895665.85,2379934717455.62,2377155756488.76,..
Exports of goods and services (constant 2010 US$),NE.EXP.GNFS.KD,Uruguay,URY,3030215072.74211,5463039595.00695,11228051137.1977,11636955638.3556,11629813123.4188,12038576484.9401,11966349236.1314,11947545776.3291,12538690999.9699,12322891414.7851,12772165387.4433,10699665176.0163
Exports of goods and services (constant 2010 US$),NE.EXP.GNFS.KD,Uzbekistan,UZB,..,3540349388.23234,14620820265.7112,13755852522.8666,15285094798.0284,14140013974.0742,14469812449.2526,16076985663.5425,16285675247.5892,17792824411.9988,21475129338.2994,17453502700.5057
Exports of goods and services (constant 2010 US$),NE.EXP.GNFS.KD,Vanuatu,VUT,..,..,359772949.404035,354373164.380915,368167160.667248,366350869.34129,384157887.678896,459214899.500259,454146464.92174,469904019.398298,353317751.853669,178794245.458705
Exports of goods and services (constant 2010 US$),NE.EXP.GNFS.KD,"Venezuela, RB",VEN,154645777213.108,171576179047.041,117412520208.182,119284416303.524,111924925772.248,106711465936.71,..,..,..,..,..,..
Exports of goods and services (constant 2010 US$),NE.EXP.GNFS.KD,Vietnam,VNM,3961608548.33708,24840262293.2519,92475763556.9755,107002880511.058,125593592606.168,140112353355.334,157827745782.047,179707978897.621,209782413175.417,239708993156.681,255797764880.924,268510924159.275
Exports of goods and services (constant 2010 US$),NE.EXP.GNFS.KD,Virgin Islands (U.S.),VIR,..,..,10779943082.3117,2328790134.26737,1948425277.2913,2298562463.5143,1478636894.33742,1784692060.7122,2251961471.10333,1809881786.33976,..,..
Exports of goods and services (constant 2010 US$),NE.EXP.GNFS.KD,West Bank and Gaza,PSE,..,1143131773.83799,1682311107.72234,1691235171.40417,1765880376.96718,1934603562.27888,1871801506.64877,1841776619.49494,2098072392.33866,2150699347.32219,2193901823.83799,2039940874.71026
Exports of goods and services (constant 2010 US$),NE.EXP.GNFS.KD,"Yemen, Rep.",YEM,..,..,..,..,..,..,..,..,..,..,..,..
Exports of goods and services (constant 2010 US$),NE.EXP.GNFS.KD,Zambia,ZMB,221640574.513769,608885972.775218,..,..,..,..,..,..,..,..,..,..
Exports of goods and services (constant 2010 US$),NE.EXP.GNFS.KD,Zimbabwe,ZWE,5153002783.39327,6342110112.66336,3751452701.88915,3628617191.47933,3197663253.58803,3321706237.91702,4929784969.77192,5965078803.76879,6251598100.2301,4421683887.77508,..,..
Exports of goods and services (constant 2010 US$),NE.EXP.GNFS.KD,Africa Eastern and Southern,AFE,88483960188.6668,141809326549.792,244089755856.98,244530885974.168,253730139066.116,267401885963.889,261876203043.349,255852831411.212,256485844084.297,266683817756.563,263267633902.817,240192858138.801
Exports of goods and services (constant 2010 US$),NE.EXP.GNFS.KD,Africa Western and Central,AFW,81395121840.2216,100795867092.129,205615272260.129,205556183764.832,179254300395.595,203428084175.167,203943446326.164,218281221538.864,238071683142.981,240331059695.672,267217550537.95,221370388780.722
Exports of goods and services (constant 2010 US$),NE.EXP.GNFS.KD,Arab World,ARB,..,..,1082420222648.55,1202375095963.02,1209954998356.72,1192262401391.84,1243884189082.81,1282460420125.01,1311959554375.27,1424610730706.35,1398755547412.99,..
Exports of goods and services (constant 2010 US$),NE.EXP.GNFS.KD,Caribbean small states,CSS,..,..,..,..,..,..,..,..,..,..,..,..
Exports of goods and services (constant 2010 US$),NE.EXP.GNFS.KD,Central Europe and the Baltics,CEB,..,291494897554.624,720617809773.542,744851936791.266,784580643640.963,839720872850.908,895862906828.244,960474308068.76,1033663445544.55,1088275992043.33,1130922709708.74,1066854623644.82
Exports of goods and services (constant 2010 US$),NE.EXP.GNFS.KD,Early-demographic dividend,EAR,901976302560.415,1574284698016.05,2538484650193.7,2648731873558.69,2709785809967.38,2747005281374.98,2780489330627.34,2905845703029.33,3080522399373.04,3297162253614.75,3269600569151.44,2899556352377.28
Exports of goods and services (constant 2010 US$),NE.EXP.GNFS.KD,East Asia & Pacific,EAS,1329495288092.95,2929985769417.62,5808096214319.9,5964683748776.86,6211395853532.72,6502256521635.99,6631804059897.89,6766584978170.88,7207761312738.49,7545232104382.71,7530725351255.32,..
Exports of goods and services (constant 2010 US$),NE.EXP.GNFS.KD,East Asia & Pacific (excluding high income),EAP,..,..,..,..,..,..,..,..,..,..,..,..
Exports of goods and services (constant 2010 US$),NE.EXP.GNFS.KD,East Asia & Pacific (IDA & IBRD countries),TEA,..,..,..,..,..,..,..,..,..,..,..,..
Exports of goods and services (constant 2010 US$),NE.EXP.GNFS.KD,Euro area,EMU,1811978316397.06,3548086784426.81,5243223892970.56,5362139595313.13,5460103552319.39,5722115391312.77,6106519922431.76,6284669937481.53,6632058230602.45,6868248586012.35,7037827004213.54,6375481265528.27
Exports of goods and services (constant 2010 US$),NE.EXP.GNFS.KD,Europe & Central Asia,ECS,3221106530668.57,5556093319894.59,8468539467247.82,8655121683089.11,8875481433990.66,9191759375119.02,9713141908777.82,10032750393123.5,10581597078087.8,10991930447381.7,11280161182603.4,10249904590186.7
Exports of goods and services (constant 2010 US$),NE.EXP.GNFS.KD,Europe & Central Asia (excluding high income),ECA,589638970326.03,525921435210.755,990382666320.365,1029225379466.3,1073683928178.4,1091466081009.13,1118536795405.72,1152233757065.02,1236671631809.75,1314419628902.35,1355104707870.12,1234146086047.07
Exports of goods and services (constant 2010 US$),NE.EXP.GNFS.KD,Europe & Central Asia (IDA & IBRD countries),TEC,685729637446.834,634391981793.676,1218585131864.56,1265875116475.67,1322806756739.18,1357575046169.84,1407074295556.13,1467450150621.74,1581630751256.8,1682408449193.66,1742778807854.48,1613325325193.03
Exports of goods and services (constant 2010 US$),NE.EXP.GNFS.KD,European Union,EUU,2079762849563.78,4069989448122.18,6234817810522.45,6372566316366.15,6503564614010.2,6830016600474.52,7282695100057.48,7530775749877.51,7960736903971.45,8259767169393.98,8492203771626.1,7746169019292.4
Exports of goods and services (constant 2010 US$),NE.EXP.GNFS.KD,Fragile and conflict affected situations,FCS,296797439333.318,442119471757.512,428122311764.785,461100679681.582,418255755297.248,427917554457.398,474450662621.343,493671527356.286,544072484460.955,575404253777.885,622648219744.861,..
Exports of goods and services (constant 2010 US$),NE.EXP.GNFS.KD,Heavily indebted poor countries (HIPC),HPC,44297829671.0661,64105080586.9424,132442615086.661,142517937424.621,144278721907.81,155700296901.932,156012516296.586,158738178671.662,174967289505.546,186548624910.204,196364890244.685,..
Exports of goods and services (constant 2010 US$),NE.EXP.GNFS.KD,High income,HIC,4587654281571.63,9081317203043.39,14224326011360.8,14603509656441.1,15028707812309.5,15618710403750.1,16227177758789.9,16624971774330.2,17377213686425.5,18038466256060.3,18251012614535.7,16793264096892.6
Exports of goods and services (constant 2010 US$),NE.EXP.GNFS.KD,IBRD only,IBD,..,3410630164258.97,5944627636834.01,6156842094612.25,6339787035470.38,6473069137155.37,6659245004089.85,6923116138584.46,7407126180304.9,7865373116044.62,7885126890609.9,..
Exports of goods and services (constant 2010 US$),NE.EXP.GNFS.KD,IDA & IBRD total,IBT,..,3576184738159.42,6341986582958.07,6545820854399.73,6705162180219.1,6885166341476.73,7073071819668.63,7363788884960,7881245213513.17,8358033074972.55,8439415595271.03,..
Exports of goods and services (constant 2010 US$),NE.EXP.GNFS.KD,IDA blend,IDB,73666946095.1968,92461498228.603,195802288530.834,186558228033.873,164252194643.143,186746866014.054,188143082837.566,204080717719.063,216308444318.046,218745575006.5,249371115714.673,199242451112.489
Exports of goods and services (constant 2010 US$),NE.EXP.GNFS.KD,IDA only,IDX,..,72767211917.3557,195578011795.634,201686811326.754,209362632924.05,226106864553.495,228512941592.659,236543942592.15,257987799040.751,277747138310.313,296524756348.111,281859369742.623
Exports of goods and services (constant 2010 US$),NE.EXP.GNFS.KD,IDA total,IDA,129443359202.559,169912474363.254,392906893220.816,388410547682.284,371089584412.514,411009536790.231,414736439635.443,439547153469.89,472417794873.456,492886340556.851,543631729264.339,469529079393.587
Exports of goods and services (constant 2010 US$),NE.EXP.GNFS.KD,Late-demographic dividend,LTE,..,..,..,..,..,..,..,..,..,..,..,..
Exports of goods and services (constant 2010 US$),NE.EXP.GNFS.KD,Latin America & Caribbean,LCN,493460290382.401,854326510836.25,1237739773915.98,1265235296492.6,1275043428662.07,1289507983721.56,1349366601335.59,1381785012641.01,1435565285243.19,1493979036528.11,1504493402901.58,1386679700911.61
Exports of goods and services (constant 2010 US$),NE.EXP.GNFS.KD,Latin America & Caribbean (excluding high income),LAC,421594308424.995,715155761941.57,1033002236808.33,1065961078107.49,1072547683037.37,1085006491256.86,1143703310750.33,1173115333430.21,1223673624058.31,1273406533575.45,1285271617465.7,1178733801278.46
Exports of goods and services (constant 2010 US$),NE.EXP.GNFS.KD,Latin America & the Caribbean (IDA & IBRD countries),TLA,448707430491.083,780215768115.395,1130951990666.92,1165005813771.61,1174301166605.66,1188088890766.82,1245280581721.03,1278674308757.3,1328625199494.63,1383872264234.98,1393469893898.48,1284350208497.99
Exports of goods and services (constant 2010 US$),NE.EXP.GNFS.KD,Least developed countries: UN classification,LDC,..,50749833865.074,180893868069.48,186439965588.547,194003623511.826,209402384120.164,202083520306.052,198344341375.172,209506156676.745,225170231086.317,236887837700.488,227316222395.746
Exports of goods and services (constant 2010 US$),NE.EXP.GNFS.KD,Low & middle income,LMY,..,3413142990719.4,6019690729756.91,6214388392403.95,6355329393422.99,6513190899703.67,6674988339292.41,6928228260774.85,7414620123072.36,7860937723449.59,7918450265751.97,..
Exports of goods and services (constant 2010 US$),NE.EXP.GNFS.KD,Low income,LIC,..,..,..,..,..,..,..,..,..,..,..,..
Exports of goods and services (constant 2010 US$),NE.EXP.GNFS.KD,Lower middle income,LMC,479221272426.889,689949785169.568,1539931671875.02,1560181472301.78,1600835787852.45,1664110412171.29,1659048890848.32,1764805791604.59,1913874273503.35,2058446495317.94,2062167595699.03,1865691295205.08
Exports of goods and services (constant 2010 US$),NE.EXP.GNFS.KD,Middle East & North Africa,MEA,..,..,1301391964772.81,1387069051621.26,1396380825550.65,1386881341418.04,1449863575236.33,1534966795024.34,1571922094320.85,1669329900895.33,1605791074153.63,..
Exports of goods and services (constant 2010 US$),NE.EXP.GNFS.KD,Middle East & North Africa (excluding high income),MNA,203184067451.06,357336773836.344,404772575984.297,411966732265.068,396173875122.821,384102080121.233,424264484362.797,465612134508.924,521516705925.063,542745398992.749,508283891308.756,390865512027.415
Exports of goods and services (constant 2010 US$),NE.EXP.GNFS.KD,Middle East & North Africa (IDA & IBRD countries),TMN,202701478234.206,356088913321.62,403028668602.63,410214130841.05,394340171912.978,382087665968.258,422321269243.756,463705401903.622,519343657922.761,540518742165.154,506007501780.73,388594247475.127
Exports of goods and services (constant 2010 US$),NE.EXP.GNFS.KD,Middle income,MIC,..,3374425145557.78,5943352384926.45,6144543997702.57,6280814026901.86,6428331859930.39,6591576806005.52,6843643690645.9,7316796920003.75,7753394780878.15,7809730925784.96,..
Exports of goods and services (constant 2010 US$),NE.EXP.GNFS.KD,North America,NAC,869637202848.392,1790643759318.95,2476188509519.63,2557651673271.22,2643416989298.88,2765822417345.05,2794107357878.88,2808733592954.44,2904334602268.2,2995255595443.33,3000321109890.31,..
Exports of goods and services (constant 2010 US$),NE.EXP.GNFS.KD,Not classified,INX,..,..,..,..,..,..,..,..,..,..,..,..
Exports of goods and services (constant 2010 US$),NE.EXP.GNFS.KD,OECD members,OED,4178451343680.7,8211361457886.69,12417464269677.5,12746301387607.6,13077105390817.4,13648846048416.7,14254261549492.2,14617877529808.4,15330682638379.2,15895790756638.5,16182529749327.1,14803942812399.1
Exports of goods and services (constant 2010 US$),NE.EXP.GNFS.KD,Other small states,OSS,..,..,..,..,..,..,..,..,..,..,..,..
Exports of goods and services (constant 2010 US$),NE.EXP.GNFS.KD,Pacific island small states,PSS,..,..,..,..,..,..,..,..,..,..,..,..
Exports of goods and services (constant 2010 US$),NE.EXP.GNFS.KD,Post-demographic dividend,PST,4236226650398.57,8043148139372.23,12331084228402.8,12619629059202.3,12969272371502.6,13462752390832,13907338565983.5,14216000921438.8,14895690992009.3,15396362773869.6,15559753010408.2,14127887707069.4
Exports of goods and services (constant 2010 US$),NE.EXP.GNFS.KD,Pre-demographic dividend,PRE,87769638240.1275,195226113398.711,346774794831.156,352252075037.759,327116548868.151,364703864847.465,381509127147.911,387733772004.577,406644971158.581,422421676190.817,451849167111.373,390045287021.394
Exports of goods and services (constant 2010 US$),NE.EXP.GNFS.KD,Small states,SST,..,..,..,..,..,..,..,..,..,..,..,..
Exports of goods and services (constant 2010 US$),NE.EXP.GNFS.KD,South Asia,SAS,45429994599.3877,128421645622.322,497381184632.226,526526084223.576,567250056115.16,577555781160.829,547189774130.527,570820031753.05,594327037611.083,664643797849.667,653147306730.31,599882074512.452
Exports of goods and services (constant 2010 US$),NE.EXP.GNFS.KD,South Asia (IDA & IBRD),TSA,45429994599.3877,128421645622.322,497381184632.226,526526084223.576,567250056115.16,577555781160.829,547189774130.527,570820031753.05,594327037611.083,664643797849.667,653147306730.31,599882074512.452
Exports of goods and services (constant 2010 US$),NE.EXP.GNFS.KD,Sub-Saharan Africa,SSF,167268050552.936,241173333166.688,450695850402.206,451066394597.018,432950516603.17,471242055984.033,466368818675.766,475302739406.583,496368620761.632,508658576298.948,533383891104.396,464943250276.479
Exports of goods and services (constant 2010 US$),NE.EXP.GNFS.KD,Sub-Saharan Africa (excluding high income),SSA,166907962904.11,240654145322.91,449725611264.663,450095357767.463,432018478876.502,470227585836.23,465364839428.997,474279527589.695,495300059198.26,507563557434.382,532235644618.384,463942339933.613
Exports of goods and services (constant 2010 US$),NE.EXP.GNFS.KD,Sub-Saharan Africa (IDA & IBRD countries),TSS,167268050552.936,241173333166.688,450695850402.206,451066394597.018,432950516603.17,471242055984.034,466368818675.766,475302739406.583,496368620761.632,508658576298.948,533383891104.396,464943250276.479
Exports of goods and services (constant 2010 US$),NE.EXP.GNFS.KD,Upper middle income,UMC,..,..,..,..,..,..,..,..,..,..,..,..
Exports of goods and services (constant 2010 US$),NE.EXP.GNFS.KD,World,WLD,6776050370622.66,12600102172153.6,20250449445752.9,20816790733792.2,21391909065799,22160737502838.3,22954523453296.8,23584999053668.1,24782818863023.8,25849927818836.1,26127946291640.2,23900524949176.4
,,,,,,,,,,,,,,,
,,,,,,,,,,,,,,,
,,,,,,,,,,,,,,,
Data from database: World Development Indicators,,,,,,,,,,,,,,,
Last Updated: 06/30/2021,,,,,,,,,,,,,,,
